,StockCode
85123A,5829
22423,4424
85099B,4216
21212,3318
20725,3259
84879,2960
47566,2768
21232,2747
22197,2549
22383,2540
20727,2529
21931,2434
22386,2347
22469,2325
22411,2297
84991,2271
22382,2251
22384,2230
21080,2224
22086,2217
20914,2213
21034,2199
22139,2196
21754,2192
20728,2185
22138,2154
22457,2152
20724,2138
POST,2122
22470,2117
82482,2116
82494L,2108
21977,2092
20726,2050
21790,1988
85099C,1952
22178,1934
21181,1920
85099F,1916
84946,1904
21733,1903
22077,1858
22112,1847
22111,1846
22355,1832
22666,1810
21755,1798
20685,1786
22090,1752
21843,1734
21175,1730
48138,1716
22114,1711
21929,1681
22356,1658
21231,1641
20719,1641
22379,1629
21731,1628
21928,1612
84992,1572
22910,1564
22699,1553
21213,1551
85152,1523
84978,1518
21166,1502
21485,1501
84836,1499
22149,1496
22697,1491
22727,1490
84970S,1477
22720,1477
22326,1477
20972,1473
20712,1468
22083,1466
22629,1449
DOT,1446
20723,1443
22630,1422
M,1421
22551,1399
82580,1397
21791,1395
82486,1394
48194,1393
22865,1388
22726,1386
21975,1386
20713,1385
21930,1375
22554,1366
22189,1352
21621,1344
84755,1330
48187,1321
22960,1315
84378,1309
21559,1304
22961,1303
22624,1299
22385,1295
22556,1289
82483,1279
84029E,1279
22558,1275
23203,1267
82583,1266
22952,1264
22866,1262
22147,1257
82600,1250
22328,1243
20718,1242
22467,1239
82484,1235
22557,1222
79321,1222
22867,1220
20971,1219
22585,1216
22367,1215
21535,1212
21889,1206
22219,1206
22909,1203
21210,1203
84692,1198
22553,1197
21524,1190
21174,1185
22659,1185
47591D,1184
22352,1180
23298,1179
21314,1169
85150,1167
84380,1162
21523,1161
22417,1158
21481,1152
84997D,1146
22381,1138
23209,1135
22029,1128
84029G,1124
84970L,1119
22698,1118
22993,1111
22113,1102
21915,1095
21936,1095
22835,1094
23206,1084
20711,1083
21429,1080
15056N,1078
71459,1071
23084,1067
84997B,1066
22196,1062
84077,1056
21479,1054
22173,1051
84988,1045
22082,1045
22662,1045
21533,1045
22728,1041
22633,1038
22617,1037
22297,1035
22625,1029
22555,1028
85066,1025
21155,1021
21172,1021
21908,1021
21165,1020
48185,1020
15036,1020
21914,1019
22150,1012
21094,1012
23199,1009
20676,1007
21976,1006
22348,1003
21527,996
21217,995
20975,994
84997C,994
22502,992
21156,983
21035,974
72741,971
22646,970
21985,968
21154,963
22561,957
21238,956
21218,955
21935,953
82581,952
21868,952
22487,951
20750,950
22294,942
22568,941
71477,940
22694,939
21484,939
22667,939
23301,937
85014B,933
22507,930
23201,930
22632,926
22621,925
21891,923
21121,923
15056BL,923
22413,922
23245,919
22087,910
22456,908
47590B,906
84406B,904
22620,902
22652,897
85049E,897
20974,897
23202,896
21892,894
22296,894
20754,890
22616,888
22212,886
22577,886
22907,884
48184,881
21086,879
21900,878
21888,874
22722,874
22570,872
22027,871
21668,867
21430,865
21912,863
22273,862
22195,862
21669,862
84375,861
22759,861
22464,855
22427,854
21122,853
22569,853
21216,853
22084,852
21871,852
84347,849
21672,849
22488,842
82582,842
22595,840
22271,839
22501,838
84987,835
21169,834
21918,832
21531,831
22578,830
21974,828
82552,824
21558,821
22900,821
22489,819
21498,818
23355,813
22748,811
20749,810
71053,808
22730,808
21670,807
21877,807
22734,807
22158,806
22645,805
21907,804
21673,804
47566B,804
21539,800
84949,799
21240,794
22499,791
22966,790
22505,788
20677,788
22560,787
20717,786
22144,786
22752,785
22424,784
21239,782
22055,782
23207,780
23300,780
82551,779
22607,777
22745,775
21136,774
22064,774
22295,772
21078,770
21982,770
21955,768
21671,768
84050,767
22151,765
22776,764
22492,763
22969,762
22198,758
22619,758
22665,757
84520B,756
22169,756
48111,755
22549,754
84596B,753
21916,753
20979,750
20679,749
84947,749
21164,747
23284,746
22333,745
47559B,745
22749,744
21934,744
22371,740
23344,739
22131,739
21901,739
22508,737
35970,736
82578,733
21385,733
85049A,728
22804,727
84945,725
20973,724
22380,723
22171,720
22030,720
48188,717
20675,717
22079,714
85014A,710
47590A,709
22301,707
21259,706
21980,706
22663,705
22327,704
22274,704
22627,703
84032A,702
22631,702
21506,698
22766,696
21326,696
22109,695
21992,695
22750,695
21937,694
22834,693
21098,692
23208,692
22429,689
21870,688
22227,685
21328,685
20983,682
22951,681
21380,677
21989,677
21242,676
22729,674
35961,669
21932,668
21622,668
22605,667
22191,667
84832,666
21770,665
21876,665
22644,664
22637,663
21899,662
21137,661
22661,661
21874,660
21124,660
22654,660
23307,659
22193,658
22940,657
23321,657
21933,655
22739,655
22037,654
21411,651
20828,649
22156,647
21108,647
22431,646
84536A,646
22358,645
20969,644
22088,641
22141,640
21509,638
84032B,635
20682,633
22329,631
22534,631
22418,627
84596F,622
22692,622
84997A,621
22584,619
21756,619
21390,617
22170,616
21258,615
20982,614
22746,611
22622,610
23200,609
16237,609
22174,607
20970,605
21993,604
85048,604
21658,603
22725,601
22179,600
22579,600
21704,598
21033,597
21981,597
21703,596
21890,596
22061,595
37448,595
22668,594
23322,594
23204,594
21507,592
22366,591
22188,590
85232B,590
20978,586
21329,585
22041,582
37370,582
22634,579
22192,579
22435,577
22072,576
22528,575
22300,574
22983,574
22303,573
22623,573
21257,573
22563,573
22602,571
37449,570
22089,569
21116,569
21623,568
21041,568
21519,567
23240,567
23293,567
21260,567
22378,566
22649,565
22851,564
21381,564
20751,563
48129,563
22571,557
22998,557
22142,557
21700,556
22110,554
85049G,553
22080,553
22335,553
20961,551
22941,550
21508,550
22567,550
21714,546
22837,546
20963,544
82599,544
22361,544
22771,544
22419,543
84792,543
22737,541
20981,540
22795,540
37503,540
22432,540
22738,539
22073,539
22636,538
21561,538
22635,535
22059,535
21494,535
22847,534
21844,534
84030E,534
22755,534
22712,533
21179,532
85049C,529
21114,528
22844,526
22161,526
72351B,526
21544,525
22812,524
22754,524
22580,524
48173C,523
22028,522
22065,522
21327,521
21990,520
20829,520
21071,519
72760B,519
85199S,519
22465,518
21967,518
21592,516
22588,516
22908,516
22115,515
21243,514
22353,514
48116,510
20977,510
21716,509
22078,509
23243,509
22906,509
22441,509
21746,509
85061W,508
21902,508
22988,506
21745,505
23198,503
22207,503
82567,502
23356,502
23343,501
22898,500
22494,499
21500,498
22904,497
22530,497
22357,497
21786,497
21715,496
22751,496
21787,495
84510A,494
22360,493
21832,493
84270,493
23263,492
21917,491
21428,491
22241,490
21497,490
22444,489
85227,488
21986,488
21866,487
21577,485
22121,484
22045,483
17003,483
35400,482
21718,481
84971S,481
22791,481
23205,480
22185,480
20674,479
79323W,478
22236,475
85175,475
22130,474
22816,473
21407,473
79000,472
21833,472
15060B,471
21499,471
21984,470
22437,468
37446,467
84580,467
21244,467
22548,465
20992,464
22244,464
22365,463
22596,462
22716,461
22669,461
20966,461
21452,461
22208,461
47556B,460
23295,460
22331,460
23170,458
22398,458
22180,456
21340,455
22855,455
22690,455
22600,455
22024,454
21906,453
22550,453
22374,452
23182,452
22493,451
22670,450
22736,449
22899,449
22601,449
21313,447
16161P,447
22377,446
22574,446
22023,446
21115,445
22593,444
22840,443
22245,442
21875,442
22895,442
22964,441
37450,441
85040A,441
22433,441
21363,439
23173,438
22468,438
21135,437
22421,435
22531,435
22818,435
23309,435
21903,434
22573,434
21811,433
23493,433
21864,433
22594,432
22747,432
21829,432
22485,431
21713,431
22753,431
22784,430
21042,430
21988,429
16156S,427
22243,426
23319,425
23439,425
79067,425
47568,424
85049D,423
22199,423
22996,422
22224,422
21878,421
22466,421
22412,421
22845,420
84839,419
84536B,419
22278,419
21624,419
23328,418
22603,418
72351A,418
85053,417
22302,416
22581,416
22809,415
22318,415
23313,415
84509A,414
75049L,414
22203,414
85038,413
21591,413
22562,412
85231B,412
22222,412
22943,411
22315,410
21068,408
22491,408
22813,408
22107,407
22606,406
22962,406
22187,405
22798,405
21781,404
35004C,404
21578,404
21987,403
46000S,403
21922,403
22572,403
22653,403
37447,403
20668,402
22768,402
22242,401
22132,401
10002,400
85174,400
22536,400
22276,399
22283,398
21584,396
22426,396
22332,396
22215,396
22979,395
21777,395
22460,395
22614,394
84880,394
23308,394
22076,394
23108,393
22364,392
22521,391
23318,391
22498,390
22439,390
51014A,390
23296,389
22430,389
22713,388
23171,388
22672,387
22075,387
21488,386
23103,386
47599A,386
22583,386
22063,386
22520,386
21534,386
21679,386
22349,386
21774,385
47567B,385
22175,385
22896,384
21186,384
22155,383
22989,383
22120,382
23256,382
20658,382
72807C,381
22945,381
21810,381
21563,381
23241,379
21495,379
20752,379
22743,379
46000M,378
22846,378
22422,378
79029,377
22119,376
22035,373
22537,373
22200,372
20681,372
22950,372
20665,372
22628,372
22186,371
22810,371
22523,371
22026,371
22575,371
35471D,370
85062,370
47593B,370
37495,370
22626,370
22483,370
21272,369
47580,369
23294,369
84828,369
22714,368
21356,368
22154,368
22992,367
22576,367
22564,367
22733,366
21355,366
22963,365
23351,364
22094,363
22544,362
85042,362
84596G,361
84969,361
22168,361
23168,361
15056P,361
22732,360
22817,360
23192,359
21911,359
21730,358
21625,358
85184C,357
23236,356
23581,355
22968,354
79323P,354
22693,354
23169,353
22796,353
21447,352
23311,351
84078A,351
22350,351
85049B,350
23349,350
22525,350
21872,350
22522,349
21383,349
22815,349
23077,348
20996,348
21802,347
23503,347
22801,347
23320,346
84535B,346
21803,346
21110,345
23175,345
23275,345
22070,345
22091,343
22758,343
23266,343
85049H,343
21983,343
21463,342
23174,342
23188,342
22098,342
85178,341
10135,341
21107,341
21504,340
23583,339
22772,339
22133,339
22262,338
22587,338
23353,337
21158,337
84031A,337
21880,337
21470,335
23354,335
22781,335
22819,333
85206A,333
47504K,332
22135,332
20967,332
22757,332
22841,332
22449,331
85017B,331
85049F,330
21224,330
84279P,330
16235,330
22311,329
22275,329
21471,329
22231,329
20886,329
22970,328
22095,328
22744,328
22167,328
21818,327
22767,327
21867,325
22676,325
22440,325
22478,324
16161U,323
21773,322
22892,322
22272,321
22775,321
23247,320
85176,320
23265,319
22148,319
22081,319
20985,319
22592,319
22425,319
23264,318
22284,318
22586,318
22740,318
22582,318
84568,318
85132C,317
22099,317
15039,317
70006,317
21245,317
22153,317
21361,317
22566,317
22807,317
84884A,316
23350,316
21557,316
22696,316
21012,316
22321,316
23172,315
22535,315
23254,315
72800E,315
21913,314
21865,314
21486,313
21947,313
23082,313
22897,313
21556,312
23196,312
22251,311
20733,311
22524,311
22372,311
21735,309
23323,309
35004B,309
22838,309
21896,309
22674,309
21588,309
22375,308
21564,308
22436,308
22134,308
22210,307
22597,307
21215,306
21590,305
22723,305
85064,305
22650,305
22211,305
22704,304
23165,304
23126,304
22890,304
84849B,303
22980,303
22946,302
22741,302
23332,302
10133,302
21991,302
72349B,301
22434,301
21069,301
22814,301
22956,300
22220,300
22721,300
22074,300
84950,300
47591B,300
22445,299
47599B,299
22618,298
21749,298
21126,298
21587,298
22068,298
22800,298
22312,298
72802C,297
22959,297
22639,297
22565,296
22066,295
21472,295
22025,295
22118,295
23191,295
22497,294
22202,294
23238,293
23570,293
22610,293
21162,292
22093,292
22651,292
85047,291
22839,291
21677,291
22731,291
84031B,291
22677,291
21207,291
21528,290
23367,290
21058,290
21830,290
22938,290
21067,289
22354,289
22399,289
22165,289
22476,289
22480,288
21537,288
22443,287
21090,287
22162,287
22228,287
21100,287
22991,287
21431,287
23234,286
21163,286
22613,286
21775,286
85199L,286
23306,285
22477,285
23000,285
21642,285
23110,285
22338,284
22136,284
51014C,283
22942,283
22675,283
22071,283
22218,282
22792,282
C2,282
21949,282
22518,282
22285,282
48189,282
82613D,281
84212,281
21466,280
23076,280
21948,280
22965,280
22309,280
22322,280
21801,280
22971,279
21680,279
22362,279
21675,279
23052,279
22069,279
23109,278
23118,278
21846,278
22689,278
23177,278
22067,278
21389,278
22519,278
85040B,278
22291,278
23144,278
22176,277
22664,277
11001,277
21826,277
85131D,277
37500,277
22972,277
22057,276
22920,276
22891,276
22451,276
22917,275
85065,275
84913A,275
22334,275
85039B,275
22918,275
22097,275
22718,274
22314,273
22995,273
22474,273
84912B,273
85231G,273
21249,272
22916,272
16236,272
23147,272
22475,271
84849D,271
23080,271
23184,270
15034,270
22604,270
22919,269
21905,269
21819,269
23582,269
22209,269
21125,269
21706,268
22250,268
18098C,268
23571,268
22472,267
22261,267
23100,267
22452,267
21467,267
20984,266
21586,266
21171,266
22047,266
85132A,266
20956,266
21123,265
22539,265
22678,265
22376,265
22719,265
21241,265
22402,265
23148,264
23534,264
20702,264
85015,263
21491,263
84596L,263
21894,263
85039A,262
23329,262
22152,262
22842,262
23229,261
22268,261
23112,261
23166,260
23231,260
23158,260
22190,260
22854,260
22277,260
22260,260
22589,259
23078,259
23197,259
22249,259
22671,259
20716,258
21159,257
22735,257
23146,256
22926,256
72807B,256
22341,256
23012,256
21648,255
21945,255
21446,255
40016,255
22533,254
21432,254
79066K,253
23083,253
15044A,253
23154,252
21408,252
21439,251
22978,251
23005,251
23333,250
21201,249
22400,249
21206,248
16238,248
22514,248
22805,247
85232D,247
72807A,247
23167,247
22420,247
84691,246
22680,246
22974,246
23310,246
22325,246
22495,246
21192,246
23232,246
21211,245
23389,245
22695,245
84581,244
22310,244
22862,244
84754,244
22773,244
22679,243
22021,243
21823,242
22342,242
23393,242
82001S,242
21063,242
21070,241
23368,241
23302,241
84559A,241
15044C,241
21705,241
23399,240
22292,240
22293,240
79160,240
21333,240
22921,240
84659A,239
23230,239
21109,239
21744,239
23176,239
22085,238
21620,238
84912A,237
21039,237
21055,236
35971,236
23283,236
22336,236
23089,236
85114B,236
22117,236
15044D,235
22997,235
82613B,235
21942,235
85203,235
70007,235
51014L,235
22778,235
23159,234
21883,234
22947,234
47570B,234
20669,234
22686,234
72802B,234
72817,234
22482,233
22359,233
79323LP,232
23330,232
22406,232
21789,232
21288,232
22999,232
22405,232
21464,232
22414,231
23004,231
21357,231
84279B,231
23292,230
21824,230
21609,230
22481,230
85202,229
23194,229
84558A,228
48197,228
21358,228
22756,228
21809,228
21084,228
84975,228
22591,228
23013,228
21354,228
18097C,228
84006,228
21111,228
22994,227
82597,227
21059,227
84818,226
85131B,226
23242,226
72008,226
21626,226
22183,226
23395,226
21448,226
22279,225
22691,225
21161,225
84459B,225
23286,225
23382,224
21640,224
22217,224
20960,224
84598,224
21788,223
23480,223
23397,223
22403,223
22957,223
23091,223
22515,222
22717,222
22902,222
21143,222
23535,221
22282,221
22794,221
22715,221
21812,221
85063,221
85054,221
22473,221
21619,221
22479,221
23504,221
22984,220
23312,220
22526,220
22308,220
23101,219
23032,219
84944,219
84519B,219
22269,219
23494,219
85034C,218
21650,218
84990,218
85059,218
20986,218
23215,217
37340,217
22428,217
23290,217
23352,216
20735,216
21581,216
21246,216
23014,216
84459A,216
21469,216
22982,215
21191,215
84596E,215
22299,215
21973,215
22163,215
22779,215
21576,214
85035C,214
22145,214
21873,214
21643,214
23156,214
20770,212
85185B,212
21944,212
84968A,212
21330,211
22915,211
22609,211
23163,211
22415,211
23426,211
84913B,211
22975,211
23210,211
21204,210
22559,210
21743,210
22925,210
22789,210
22046,210
85131A,209
22500,209
23396,209
21014,209
35924,209
47503A,209
35001W,208
22986,207
21614,207
22450,207
22955,207
21541,207
21214,207
84559B,207
21927,207
22230,207
20615,207
23050,206
22683,206
72802A,206
84534B,206
85068,206
84519A,206
20707,206
22128,206
22673,205
22681,205
23002,205
23190,205
23287,204
21813,204
21820,204
22611,204
22116,204
22660,204
21056,203
84670,203
23497,203
84509B,203
21741,203
23569,203
23434,202
22496,202
85035A,202
22843,201
22894,201
22948,201
22774,201
20764,201
22410,201
22547,201
21542,201
20866,200
21077,200
21742,200
22125,200
21616,200
20686,200
23291,200
22905,200
21454,200
22122,200
23127,200
22540,200
22286,200
22930,199
22454,199
23366,199
21112,199
85116,199
21784,198
20619,198
22096,198
20655,198
84968C,198
35965,198
22780,198
23035,198
23212,198
22615,197
22509,197
22396,197
35832,197
22246,197
85067,196
21807,196
22822,196
21015,196
85216,196
22229,196
23289,196
82613C,195
23239,195
22599,195
22545,195
22442,194
72799E,194
22682,194
15044B,194
37501,194
22446,194
21324,194
21054,194
22247,193
22343,193
21828,193
23285,193
21482,193
22821,193
22893,193
22939,192
23371,192
47505,192
22742,192
85206B,192
22363,192
22320,192
84569D,191
22172,191
23288,191
20684,191
22471,191
17084N,191
21351,191
21465,191
21391,190
22438,190
21002,190
72586,190
22340,190
20748,190
22914,190
17091J,189
22927,189
20703,189
23346,189
21724,189
23378,188
23007,188
20767,188
21064,188
23237,188
22546,188
21157,188
23348,188
23049,188
21794,187
22863,187
23193,187
21349,187
22532,186
22949,186
22459,186
22461,186
21462,186
22319,186
85017A,186
85036A,186
79191C,186
23130,186
22248,185
84796B,185
21739,185
21397,185
21219,185
20652,184
21725,184
23404,184
21717,184
84012,184
22711,184
22182,183
22458,183
22304,183
21530,183
35095B,183
85214,182
22265,182
22849,182
22911,182
23345,181
84993A,181
35809A,181
22264,181
10125,181
22416,180
22233,180
37502,180
22223,180
21667,180
22710,179
22859,179
22990,179
23006,179
22409,179
22684,179
85183B,178
20846,178
22129,178
22060,178
20777,178
21617,178
84763,178
22306,178
85129D,177
21580,177
85114C,177
22513,177
D,177
22516,177
21352,176
23162,176
22266,176
21615,176
22204,176
21925,176
21364,176
23365,175
21707,175
21768,175
35810A,175
85071B,175
21106,175
21972,174
85016,174
22608,174
16225,174
23157,174
22937,174
22973,174
47310M,174
35953,173
21455,173
35957,173
23129,173
85217,173
22944,173
22123,173
22317,172
23145,172
21845,172
21082,172
22166,172
22201,172
22270,172
22848,171
22194,171
23390,171
85078,170
82607A,170
20772,170
21061,170
21726,170
72598,170
21821,170
35095A,169
22127,169
85172,169
22685,169
20931,169
20832,169
22976,169
22184,168
22221,168
21248,168
84510B,168
22703,167
23297,167
21884,167
21291,167
21647,167
21737,167
85032C,166
23342,166
85186A,166
21220,166
22232,166
22701,166
23031,166
23053,166
22280,166
23152,166
23211,165
22339,165
23029,165
21822,165
20766,165
84985A,165
23489,165
23051,164
47591C,164
85169A,163
84989A,163
21529,163
21205,163
22797,163
85032A,163
79320,163
23255,162
21187,162
85204,162
23102,162
20867,162
22529,162
15058B,162
21676,162
22708,162
85226A,162
22852,162
23376,161
84509G,161
71038,160
23233,160
23280,160
21682,159
22324,159
21804,159
21879,159
21738,159
21765,159
21403,159
21683,159
84923,159
22254,159
21382,159
85170D,159
21851,159
23370,159
90200D,158
21195,158
23132,158
85186C,158
85034B,158
21611,158
21747,158
20765,158
22705,158
22517,158
21721,157
20761,157
46776F,157
85232A,157
21445,157
21394,157
23388,157
23213,157
21644,157
21384,157
15058A,157
22255,157
21808,156
85086A,156
22453,156
85093,156
47480,156
23133,156
22337,156
21410,156
23506,156
85034A,156
47563A,156
46776B,156
72816,156
23111,155
22687,155
85173,155
22281,155
22977,155
21638,155
23090,155
23394,155
21904,155
21422,155
35648,154
23372,154
85194L,154
21719,154
21402,154
23221,154
22305,154
23119,154
23541,154
17129F,153
21424,153
21688,153
16169E,153
22642,153
23340,153
85071A,153
85032B,153
47585A,152
84840,152
21792,152
21203,152
21579,152
23155,152
20768,152
21060,152
21817,151
21943,151
21199,151
22181,151
21618,151
22598,151
21926,151
23299,150
82616C,150
85177,150
21827,150
22811,150
21613,150
21262,150
85087,150
21468,150
85032D,150
72818,149
22763,149
84837,149
23252,148
20692,148
22092,148
23096,148
20671,148
22853,148
21294,147
21645,147
21284,147
85183A,147
22313,146
23526,146
20659,146
23093,146
20771,146
22762,146
21209,145
21656,145
84596J,145
21096,145
22858,145
23092,145
21723,145
22062,145
85036C,145
21043,145
21849,145
21348,144
22042,144
23128,144
47504H,144
22031,144
22831,144
20762,143
23081,143
84968B,143
23189,143
85071C,143
22100,143
23028,143
21153,143
21841,143
22967,143
18098c,142
85135B,142
23551,141
21651,141
85035B,141
79190B,140
22036,140
21062,140
20618,140
35241,140
84352,140
23122,140
21222,140
84673B,140
23068,139
21088,139
84341B,139
23403,139
23008,139
23407,139
22258,139
21442,139
35964,138
23377,138
82616B,138
84795C,138
21051,138
84951A,138
40001,138
22985,138
84356,137
23282,137
47594B,137
21188,137
23424,137
85025C,137
22177,137
21555,137
22931,137
22157,137
21066,137
37342,137
72756,136
84968F,136
21011,136
85194S,136
21441,136
23334,136
22344,136
22052,135
21806,135
20622,135
22124,135
23270,135
21708,135
22345,135
21693,135
47574A,135
21251,135
21427,135
22043,135
84685,135
23374,134
20941,134
20871,134
22307,134
85136C,134
21692,134
21026,134
22108,134
84789,134
23681,134
22913,133
21147,133
23508,133
17012B,133
20998,133
22760,133
20774,132
23054,132
23437,132
20773,131
84937,131
22785,131
21398,131
35954,131
22256,131
22288,131
22033,131
21189,131
21924,130
16219,130
20856,130
20661,130
21200,130
85124C,130
62018,130
82605,130
22953,130
85017C,129
23507,129
21882,129
22829,129
21208,129
22706,129
23369,129
85132B,129
21379,129
21657,129
21065,129
21253,128
20755,128
20734,128
85135C,128
22393,128
23559,127
22287,127
23228,127
84327A,127
79030G,127
21278,127
72232,127
47597,127
23274,126
21547,126
23251,126
20729,126
85212,126
21399,126
22933,126
72122,126
23510,126
22504,126
22316,125
22543,125
22928,125
21401,125
21653,125
22448,125
15058C,125
23380,125
40018F,125
22323,125
79190A,125
21923,125
82613A,125
20616,124
17091A,124
22058,124
23552,124
22101,123
85039C,123
22267,123
20657,123
22216,123
21198,123
21627,123
21417,123
85098B,123
85231L,123
20802,123
79323GR,123
23341,122
21898,122
22049,122
23505,122
20654,122
21698,122
23131,122
46776A,122
22922,122
20775,122
22252,122
20902,122
21190,122
20839,122
21395,122
21696,121
15056n,121
22912,121
23061,121
23546,121
85136A,121
84507B,121
20801,121
84951B,121
72349b,121
84676,121
23314,121
22050,120
21881,120
21548,120
17012D,120
23121,120
84569A,120
20854,120
21709,120
21869,120
21710,120
35653,120
22511,119
90062,119
22347,119
47594A,119
22860,119
22051,119
17012C,119
84247E,119
23427,119
23227,119
23360,119
21167,119
23392,119
21437,119
22146,119
23250,118
22777,118
35967,118
90167,118
21897,118
21662,118
20747,118
35923,118
79072,118
84854,118
79302M,117
21641,117
23273,117
23244,117
16011,117
21612,116
23406,116
23501,116
84247L,116
23436,116
84750A,116
84508A,116
23079,116
84578,116
85055,116
47566b,116
21720,116
21850,115
85071D,115
23235,115
23120,115
79190D,115
84843,115
21421,115
84637,115
72799F,115
23499,115
21785,114
23010,114
23531,114
23331,114
85187,114
21520,114
21910,114
21684,113
90114,113
17012F,113
84247G,113
22820,113
84674,113
21009,113
22612,113
35598D,113
35001G,113
37424,113
21687,113
79323B,112
85130D,112
21386,112
21221,112
21426,112
84796A,112
23267,112
84791,112
22263,112
85094,112
21518,112
22924,112
23316,112
21279,111
85231E,111
23048,111
22981,111
21815,111
22799,111
22032,111
23400,111
23438,111
21274,111
85200,111
84968D,111
84849A,110
85170C,110
21629,110
16016,110
21636,110
37343,110
23338,110
23214,109
20990,109
21814,109
85008,109
85031C,109
21661,109
16258A,108
21836,108
85188A,108
84872A,108
72803A,108
21289,108
21318,108
35646,108
23461,108
90214A,108
20780,108
22700,107
20700,107
20617,107
21690,107
79164,107
20798,107
23500,107
21695,107
85114A,107
35599D,107
16048,107
90200A,107
90200C,107
84905,107
22346,107
21610,107
23271,107
37461,106
23498,106
71143,106
23543,106
21805,106
20730,106
79341,106
22923,106
23220,106
17021,106
85124B,106
21440,106
21360,106
23375,105
16168M,105
22643,105
17165D,105
85025B,105
90209B,105
23357,105
21311,105
22034,105
23445,104
85041,104
S,104
21630,104
84510C,104
21793,104
21285,104
84673A,104
21532,104
23281,104
22048,104
21286,104
21425,103
84968E,103
46775D,103
23009,103
20758,103
23490,103
84970s,103
85180A,103
85031A,103
21478,103
18094C,102
79144C,102
85169B,102
84813,102
47592A,102
21194,102
22688,102
23511,102
BANK CHARGES,102
23065,102
21377,102
85159B,102
21255,101
47593A,101
16218,101
84218,101
22104,101
23347,101
22408,101
22702,101
84929,101
90161C,101
85123a,101
17012A,101
21000,101
47367B,100
20878,100
23335,100
22786,100
21474,100
90200E,100
23226,100
72819,100
84819,100
35962,100
84520D,100
72800B,100
23435,100
23373,100
21540,100
85124A,100
21593,99
23161,99
85118,99
35911A,99
20840,99
23217,99
37327,99
46776C,99
20778,99
79144B,98
72128,98
84509C,98
84795B,98
23123,98
23269,98
21655,98
84748,98
16014,97
90134,97
21837,97
22788,97
22044,97
23268,97
21076,97
72800D,96
21001,96
20699,96
21287,96
23485,96
84678,96
71279,96
82615,96
22640,95
51008,95
85130A,95
85208,95
17164B,95
22253,95
85060,95
22389,95
21637,95
20894,95
23502,95
17107D,95
84596K,95
77101A,94
22040,94
85036B,94
21292,94
20782,94
85103,94
62096A,94
84086C,94
84625A,94
84251G,93
84920,93
23225,93
84709B,93
85014D,93
22510,93
22832,93
23164,93
21028,93
84569C,93
21473,93
15056bl,93
23034,93
20893,93
90214S,93
85045,93
21016,93
20803,92
85084,92
90214J,92
22214,92
16216,92
85127,92
23223,92
21400,92
84688,92
23470,92
35958,92
23085,92
23433,92
23542,92
23358,92
84795D,92
21589,92
48195,92
35972,92
21628,92
21017,92
21895,91
22053,91
23153,91
21027,91
84993B,91
85159A,91
85170A,91
21666,90
84997b,90
84467,90
79323G,90
85169D,90
22647,90
47421,89
21010,89
20830,89
23391,89
21378,89
23249,89
20903,89
23075,89
35471A,89
85141,89
21476,89
21415,89
21839,89
85226C,88
84660C,88
21545,88
71270,88
47589,88
23138,88
84931B,88
22538,88
84625C,88
37464,88
20776,88
37482P,88
23452,88
85018D,88
21458,88
23419,88
47502,88
23183,88
21283,88
20760,88
20932,88
90214K,88
47422,88
23530,88
84569B,88
90200B,88
82494l,88
16012,87
85031B,87
23066,87
20950,87
84817,87
20934,87
20757,87
21654,87
23336,87
84466,87
16008,87
23315,87
35811A,87
21323,87
21293,87
85211,86
85213,86
75013B,86
84313B,86
21722,86
23536,86
90198A,86
22903,86
22808,86
84931A,86
23401,86
84997d,86
22390,86
85129A,86
21652,86
40018E,86
23181,86
62096B,86
21825,86
22290,85
21025,85
23067,85
84562A,85
22054,85
23566,85
22447,85
35968,85
22106,85
21691,85
21681,85
20857,85
23545,85
37476,85
37413,84
22782,84
21261,84
85130B,84
84750B,84
20936,84
21678,84
20653,84
35915C,84
21359,84
21247,84
23020,83
21758,83
22707,83
20997,83
85111,83
23317,83
23381,83
35004G,83
84856L,83
84508B,83
85197,83
21366,82
22638,82
84686,82
90013B,82
20769,82
84986B,82
21396,82
21173,82
47570,82
20831,82
72800C,82
21795,82
20897,82
21317,82
79323S,81
23444,81
18007,81
90013A,81
20704,81
23094,81
21365,81
23412,81
85088,81
84997a,81
47578A,81
17096,81
23418,80
90161B,80
23187,80
16207A,80
84997c,80
23491,80
22143,80
20731,80
23486,80
23359,80
20976,80
85107,80
35969,80
22289,80
23483,80
47503J,80
21412,80
23431,80
21665,79
10120,79
46776E,79
85188B,79
84687,79
85144,79
22770,79
23222,79
23398,79
23088,79
84199,79
23160,79
22934,79
21664,78
21307,78
22103,78
22709,78
84016,78
84901,78
23379,77
22932,77
22259,77
22407,77
84507C,77
37422,77
46776D,77
21634,77
23339,77
72815,77
90161D,77
79191B,77
84821,77
22512,77
16045,77
85189,77
20763,77
23326,77
84584,77
85014C,76
20738,76
23432,76
23564,76
20943,76
72127,76
90071,76
84313C,76
90129A,76
90170,75
23033,75
79163,75
35981C,75
84509a,75
85179A,75
47021G,75
84663A,75
90214C,75
23514,75
35647,75
21633,75
85131C,75
85215,75
84795A,75
21550,75
82011C,74
21711,74
23405,74
85196,74
21306,74
90209C,74
21281,74
46118,74
23469,74
21562,74
47591d,74
85185D,74
21040,74
21282,74
23224,73
21847,73
71403,73
85169C,73
85135A,73
72800F,73
17033,73
37423,73
85096,73
17084P,73
35810B,73
21004,73
21659,73
23186,73
37475,73
23178,73
85230B,73
23107,73
22641,73
21694,73
21264,72
21740,72
47503H,72
23253,72
90214E,72
75131,72
47591A,72
21202,72
21280,72
23515,72
85129C,72
21536,72
21319,72
21374,72
90214L,72
84970l,71
21085,71
20868,71
44234,71
85130C,71
10123C,71
35833P,71
23513,71
84658,71
90208,71
85184D,71
21275,71
35915B,70
21269,70
23087,70
20781,70
40003,70
84535A,70
84249D,70
16015,70
17181,70
85180B,70
22857,70
84638,70
85224,70
37467,70
47471,70
72801G,70
23337,69
85106,69
22935,69
62094B,69
85125,69
23423,69
21418,69
17165B,69
16046,69
23402,69
22541,69
23553,69
79071B,69
20901,69
22655,69
85230E,68
22802,68
72484,68
84826,68
90214M,68
21796,68
22391,68
85164B,68
17084R,68
23509,68
21456,67
85163B,67
ADJUST,67
20804,67
46000R,67
20756,67
23026,67
85167B,67
21256,67
84457,67
84927F,67
90116,67
84918,67
21503,67
20759,67
79030D,67
21946,67
21320,67
84971L,67
84675,66
21457,66
85170B,66
20819,66
51020B,66
37333,66
84761,66
84563A,66
35651,66
84707A,66
90175A,65
21375,65
21490,65
23565,65
85230F,65
20695,65
21750,65
84924A,65
84251B,65
21129,65
21689,65
23414,65
90158,65
90129B,64
21732,64
85049e,64
84916,64
84051,64
21371,64
23550,64
22102,64
23219,64
20838,64
23113,64
21367,64
85117,64
84563B,64
72131,64
23524,64
37444C,64
21160,64
35598B,64
90115,64
72130,64
21144,64
21003,64
20980,63
23073,63
72801D,63
23099,63
72814,63
79051A,63
85104,63
22503,63
35914,63
23517,63
90147,63
40046A,63
21263,63
90005A,62
16169K,62
23547,62
21146,62
84974,62
23408,62
84712B,62
47504G,62
72051S,62
20696,62
20783,62
85205B,62
22806,62
21373,62
84660B,62
85129B,61
90129E,61
85020,61
21250,61
72801d,61
90013C,61
23413,61
20989,61
22257,61
21480,61
23454,60
16259,60
84989B,60
21413,60
84859A,60
22765,60
84247N,60
16169M,60
85165,60
90120C,60
84976,60
90018A,60
84846A,60
47579,60
22869,59
84898F,59
23554,59
10134,59
37441,59
23462,59
20753,59
90173,59
72801C,59
35991,59
84873a,59
23695,59
90201B,59
22105,59
90206C,59
21128,59
23425,59
84510a,59
84917,59
90214H,58
90082D,58
23512,58
90192,58
84625D,58
79191D,58
85090,58
23411,58
90087,58
21632,58
90098,58
20898,58
35160,58
22394,58
16169N,58
85163A,58
44230,58
20694,58
90201D,58
16156N,58
21538,58
23556,57
21038,57
21549,57
84820,57
16033,57
17038,57
85222,57
22769,57
84815,57
72728,57
85121B,57
21268,57
21477,56
84682,56
85198,56
21332,56
84910A,56
85033S,56
84741C,56
84251C,56
90096,56
84660A,56
37494A,56
21277,56
22395,56
90104,56
20863,56
84631,56
84899F,55
84865,55
22936,55
23003,55
46000U,55
84683,55
23057,55
35649,55
23525,55
84847,55
84773,55
20869,55
84664,55
21816,55
35599B,55
23025,55
37444A,55
84600,55
46000P,55
84708B,55
90201A,55
20933,55
35637A,55
21769,55
23558,55
23041,55
84902,55
85121C,55
23555,54
82585,54
85221,54
84707B,54
22656,54
84033,54
84251F,54
21392,54
51020A,54
23106,54
20705,54
84665,54
23451,54
22164,54
21134,54
20794,54
90214R,54
21145,54
21032,54
21030,54
21631,54
84926A,54
84926E,54
21127,53
90214D,53
72529W,53
46775E,53
23140,53
21372,53
85168B,53
90214G,53
21270,53
17091B,53
72023F,53
23179,53
85049a,53
21316,53
22954,52
85049g,52
23549,52
21130,52
20855,52
90129C,52
20910,52
84620,52
21018,52
20906,52
84661B,52
84396,52
22882,52
23473,52
90019A,52
35096A,52
85113,52
84405A,52
82616A,52
84977,52
20662,52
20892,52
20670,52
20701,52
84531A,52
20935,51
23527,51
35921,51
22824,51
90184C,51
72789,51
84231,51
90130B,51
72800A,51
85019A,51
16169P,51
23453,51
21393,51
84030e,51
90197B,51
23056,51
90198B,51
37474,51
84952C,51
85136B,51
90059A,51
84228,50
84877D,50
21131,50
84919,50
82095,50
23150,50
21007,50
82011B,50
23180,50
37508,50
90184B,50
47504E,50
23487,50
84872a,50
23528,50
35951,50
47503K,50
23074,50
37492B,50
22783,50
71101E,50
84926D,50
22861,50
85044,50
85095,50
46126A,49
21185,49
84762B,49
84952B,49
21197,49
84972L,49
84029C,49
22870,49
90086,49
23086,49
85019B,49
84715,49
21091,49
23568,49
21350,49
21368,49
20666,49
84452,49
85230G,49
72803B,49
81952V,49
90195A,49
84531B,49
21376,49
21459,49
21132,49
72267,49
23136,49
16207B,49
20663,49
21133,48
23598,48
84509c,48
16212,48
82587,48
85006,48
21842,48
35916B,48
84592,48
72799C,48
23415,48
23135,48
23114,48
84508C,48
23115,48
21635,48
84509F,48
22486,48
85179B,48
90143,48
85230A,48
84597C,48
23058,48
85162C,48
21223,48
85097B,48
21336,47
23460,47
22878,47
85024C,47
23117,47
90201C,47
90214N,47
35916A,47
23055,47
21752,47
23422,47
85039a,47
84497,46
84469,46
84192,46
47559b,46
20913,46
85119,46
35004P,46
23518,46
72780,46
90161A,46
22137,46
90160C,46
23324,46
47562,46
47481,46
90145,46
21728,46
23660,46
23104,46
23516,45
23562,45
23409,45
20689,45
21095,45
23479,45
23216,45
21553,45
16254,45
84876B,45
82553,45
85027L,45
84877B,45
21757,45
35916C,45
22038,45
22803,45
22826,45
84797A,45
90129F,45
84595E,45
84689,45
16169C,44
17129D,44
22889,44
84762C,44
84926F,44
82607C,44
85126,44
23070,44
84684,44
22825,44
23327,44
84870B,44
23272,44
84499,44
17109D,44
84429A,44
23060,44
17039,44
84870C,44
23521,44
72807c,44
90214B,43
84007,43
84661A,43
90120A,43
72750B,43
21031,43
23548,43
84461,43
16161M,43
85114c,43
84907,43
22827,43
AMAZONFEE,43
23040,43
90185C,43
84360,43
90120B,43
23124,43
90119,43
84510F,43
16020C,43
35594,43
23142,42
21226,42
90175D,42
90059D,42
21089,42
20784,42
23523,42
35240,42
84989a,42
84875B,42
84559a,42
21552,42
23539,42
90094,42
72225C,42
85160B,42
84422,42
21663,41
84800L,41
84915,41
47469,41
47420,41
22884,41
85023B,41
90120D,41
84760S,41
84948,41
37479P,41
23495,41
21414,41
35015,41
84859C,41
84609,41
20785,41
23694,41
90014A,41
84952A,41
90185B,41
15056p,41
84875D,40
21438,40
84876D,40
84927A,40
85179C,40
23134,40
90002D,40
20862,40
79342B,40
23579,40
85142,40
84874B,40
90022,40
90185D,40
35819B,40
23218,40
22761,40
84744,40
90003C,40
16054,40
79026B,40
47581B,40
21099,40
21299,39
79403,39
37479B,39
23482,39
84908A,39
84925F,39
84884a,39
20672,39
21265,39
85028S,39
22872,39
90190C,39
23567,39
90199C,39
22880,39
90204,39
85014b,39
16052,39
48173c,39
85166B,39
90040B,39
23661,38
90057,38
84529C,38
21444,38
23691,38
23125,38
90010B,38
21686,38
84482,38
90203,38
84882,38
23325,38
20786,38
81950B,38
84827,38
35833G,38
20787,38
84842,38
23474,38
23576,38
17136A,38
35922,38
23456,37
84797B,37
90081C,37
21303,37
23529,37
85112,37
79192A,37
90030B,37
90186A,37
79030A,37
35809B,37
71406C,37
16256B,37
35645,37
90010E,37
90070,37
35980C,37
77081,37
47503G,37
22885,37
90019C,37
37410,37
85161,37
22056,37
85033G,37
90129D,36
46307,36
22881,36
45008C,36
84450B,36
90040A,36
90000D,36
84762A,36
17012E,36
47598,36
84932C,36
23455,36
23697,36
84908B,36
90125D,36
21736,36
22883,36
84926C,36
90059E,36
90133,36
72801c,36
84510c,36
16156L,36
90164B,36
84559D,36
23484,36
21734,36
90073,36
84249A,36
84671B,36
84526,36
84856S,36
20621,36
17164D,36
90214P,36
23046,36
20865,36
22856,36
23533,36
37462B,35
85026B,35
84472,35
82011A,35
16049,35
85160A,35
21335,35
90003D,35
84799,35
90165B,35
90174,35
16047,35
21087,35
17013D,35
21493,35
72133,35
16169F,35
85030,35
23064,34
35607A,34
37444B,34
84927D,34
84824,34
84666,34
84782A,34
23472,34
23537,34
84219,34
21228,34
84306,34
85040a,34
23458,34
23428,34
23421,34
47518F,34
84576,34
46775A,34
21420,34
90042A,34
23575,34
23597,34
16162L,34
90085,34
90010A,33
21729,33
20991,33
21276,33
85089,33
23520,33
90082A,33
23185,33
23420,33
23538,33
90199B,33
90082B,33
47369B,33
84532B,33
23069,33
85145,33
90018B,33
85028L,33
78124,33
84927E,33
20993,33
35004S,33
84909A,33
23072,33
90166,33
21780,33
84766,33
90144,33
90183A,33
84925D,33
20864,33
17090D,33
16161G,33
23522,32
21312,32
84858C,32
47586A,32
84823,32
20664,32
23557,32
23457,32
37462E,32
22873,32
90122A,32
20851,32
23481,32
84509E,32
72739B,32
37330,32
21649,32
85146,32
84247K,32
51012C,32
90186B,32
20795,32
21331,32
84806B,32
82607E,32
85185C,31
20660,31
72140E,31
72132,31
10080,31
84660c,31
72812,31
84619,31
22039,31
90190A,31
84725,31
20821,31
35979,31
35933,31
20818,31
90180A,31
16244B,31
21341,31
21388,31
47592B,31
47587A,31
90058B,31
22877,31
22875,31
DCGS0058,31
90014B,31
35912B,31
90101,31
23532,31
84597B,31
23475,31
90185A,31
21092,31
72134,31
90124B,31
23496,31
20799,31
85014a,31
20714,30
35966,30
90118,30
90212B,30
23039,30
90016B,30
23027,30
90042C,30
72351a,30
84711B,30
90072,30
90195B,30
90122C,30
84616,30
47574B,30
90214I,30
90003B,30
84358,30
22871,30
90214F,30
84993a,30
20952,30
21443,30
47013C,30
90103,30
23139,30
85019C,29
90160B,29
21761,29
90036E,29
84800M,29
47343A,29
84802A,29
16244A,29
90019B,29
90099,29
gift_0001_20,29
20847,29
84288B,29
45016,29
22764,29
90211B,29
90090,29
21460,29
16202B,29
23071,29
gift_0001_30,29
23042,29
84816,29
90175B,29
22886,29
82001s,29
82093,29
21117,29
22874,29
21344,28
90210B,28
90089,28
90177D,28
84522,28
20849,28
47369A,28
37506,28
84388,28
90059F,28
44235,28
15030,28
22887,28
23044,28
22868,28
90171,28
84881,28
37492C,28
23466,28
23492,28
23471,28
84510E,28
17090A,28
72739C,28
90177C,28
75149N,28
10138,28
23021,28
90093,28
37492D,28
23019,28
23023,28
23417,28
35096B,28
85099f,27
90202C,27
37489A,27
35913B,27
21461,27
47503E,27
23560,27
21554,27
90165A,27
84932A,27
75178,27
46138B,27
90081A,27
84869,27
84247C,27
90214V,27
90040D,27
35818P,27
85110,27
21779,27
90028,27
35838B,27
84906,26
85081,26
20940,26
23022,26
23045,26
90160D,26
72801F,26
35609A,26
90122B,26
35920,26
21543,26
17178,26
90164A,26
85080,26
90169,26
90184A,26
23580,26
72801E,26
84753A,26
20845,26
47013A,26
23047,26
21416,26
90168,26
16202A,26
35603C,26
22876,26
84711A,26
85092,26
90160A,26
17001,26
84559b,26
90181B,26
35911B,25
90157,25
85099b,25
37509,25
21551,25
84985B,25
90183B,25
79337,25
23141,25
85162A,25
35271S,25
DCGSSGIRL,25
20793,25
84751B,25
90210D,25
90039D,25
46115B,25
84533B,25
23416,25
84465,25
90130C,25
35004c,25
90003E,25
84661C,25
79336,25
17108D,25
84809A,25
84770,25
84527,25
90202D,25
18096C,25
22330,25
23016,25
90059C,25
21193,25
20697,25
21369,24
62086A,24
21196,24
90178A,24
20836,24
90032,24
90205C,24
84627,24
90214T,24
23519,24
20987,24
82081,24
84782C,24
90177E,24
23116,24
20667,24
90202A,24
90205A,24
20850,24
90163A,24
21252,24
85007,24
21763,24
22830,24
85205A,24
90000B,24
21321,24
90024B,24
90112,24
62095B,24
84932D,24
20698,23
90002C,23
23017,23
85185F,23
22888,23
21370,23
90040C,23
23137,23
90108,23
23429,23
37489D,23
23043,23
84804B,23
35838A,23
84899E,23
90194,23
84081,23
84615,23
DCGSSBOY,23
23015,23
84247H,23
21893,23
84921,23
20823,23
90211A,23
23149,23
85109,23
90188,23
90002A,22
21102,22
84596e,22
21950,22
84458,22
90162B,22
78033,22
84437A,22
17084J,22
21298,22
84529A,22
90018C,22
20796,22
16239,22
85232b,22
84657,22
90210A,22
23476,22
84922,22
20968,22
20736,22
90191,22
85024B,22
79303D,22
84447,22
90038A,22
90023,22
90175C,22
23151,22
84455,22
72811,22
17011F,22
84845C,21
84873A,21
90155,21
22879,21
85091,21
90148,21
90014C,21
23459,21
85147,21
20693,21
10123G,21
20861,21
81952B,21
90000A,21
84800S,21
72799A,21
85195,21
84746,21
23018,21
79406,21
84255B,21
90146,21
84984D,21
23544,21
71495A,21
17014A,21
84558a,21
84680,21
82076,20
90060F,20
22823,20
90036A,20
20888,20
90159,20
10124A,20
90059B,20
84745B,20
84796a,20
72129,20
79532,20
90123A,20
84804A,20
85190,20
72799D,20
35607B,20
84925A,20
84454,20
72606A,20
84855,20
84706F,20
90124A,20
44091C,20
21419,20
84313A,20
84806A,20
71496A,20
23037,20
84803A,20
84857C,20
90139,20
79161A,19
22929,19
23410,19
35973,19
84877A,19
37379A,19
84745A,19
84226,19
84555A,19
72798C,19
79328,19
90125A,19
90214O,19
21304,19
37489B,19
84251J,19
90065A,19
PADS,19
84706D,19
79534,19
90214Z,19
90199A,19
84932B,19
90065B,19
90033,19
84625B,19
72807b,19
85114b,19
84859B,19
17109B,19
84801B,19
90054,19
35637C,19
84802B,19
71495B,19
84797b,19
17084A,19
90177B,19
17109C,18
16258B,18
20879,18
84595B,18
84984A,18
21489,18
21639,18
37485,18
84292,18
84984B,18
21760,18
20837,18
90179C,18
44089C,18
35937,18
16202E,18
72750A,18
90013D,18
21582,18
22833,18
37468,18
84601A,18
84029D,18
72781,18
72821,18
35265,18
84690,18
20957,18
20896,18
90138,18
90141A,18
23430,18
90035A,17
90030C,17
84797a,17
71510,17
84934,17
85167A,17
84924D,17
72750C,17
47348A,17
35793,17
84984C,17
72755C,17
84801A,17
72799B,17
72709,17
16043,17
35963,17
84709A,17
84227,17
90088,17
23574,17
90036F,17
84456,17
79066k,17
90027D,17
23036,17
90036D,17
16206B,17
84893,17
85114a,17
84795b,17
90125E,17
84548,17
90125B,17
90202B,17
84621,17
90162C,16
47503F,16
84549,16
21338,16
21322,16
85168A,16
84803B,16
21300,16
90016A,16
90130A,16
90084,16
90162D,16
CRUK,16
90067A,16
84629,16
37483,16
20826,16
20620,16
16162M,16
gift_0001_10,16
84705D,16
72140F,16
90190B,16
72779,16
90199D,16
23626,16
90011A,16
90210C,16
47504F,16
23465,16
90011B,16
20814,16
37477B,16
84623,16
72487,16
23143,16
90187B,16
23561,16
90124C,16
23611,16
90036C,15
85023C,15
90137,15
72753A,15
20899,15
90177A,15
72755D,15
21339,15
79063C,15
85166A,15
18097A,15
47351B,15
84539,15
84967B,15
37489C,15
84613C,15
37491A,15
90196A,15
84653,15
21759,15
84250M,15
72753B,15
16248B,15
40005B,15
TEST001,15
77079,15
17109A,15
DCGS0076,15
84575A,15
84723,15
90092,15
44236,15
35610B,15
35931,15
90002E,15
90056,15
84656,15
90196B,15
72715,15
90123B,15
75011,15
72369A,15
17129C,15
90083,15
DCGS0003,14
90063B,14
35600D,14
23540,14
79338,14
20889,14
35610A,14
85162B,14
72796B,14
90100,14
90180B,14
84875A,14
84968e,14
84424A,14
16202C,14
84086B,14
84462,14
79315W,14
90123D,14
90181A,14
90016C,14
90182C,14
90038B,14
90156,14
84845D,14
47341B,14
84402D,14
84596f,14
90037C,14
84582,14
90058A,14
23578,14
79149B,14
20860,14
71028B,14
47552A,14
37491D,14
23603,14
16168S,13
35633B,13
84613A,13
90024D,13
90079,13
21337,13
84614A,13
85023A,13
37471,13
23478,13
23477,13
17011A,13
20688,13
71215,13
16053,13
72793,13
84464,13
72024U,13
90029,13
21595,13
90183C,13
20848,13
84564,13
90141C,13
90051,13
72740A,13
21764,13
44089A,13
62074B,13
90063A,13
84537B,13
35910A,13
90128A,13
37492A,13
16256C,13
22828,13
90039C,13
35840,13
79063D,13
84993b,13
84886,13
35591T,13
72225D,13
62043B,13
84030c,13
81950V,13
35818B,13
90064B,13
84798A,13
20994,13
84798B,13
90162A,13
44092C,12
47347B,12
84425A,12
35817P,12
84858B,12
17191A,12
75172,12
72750D,12
37491C,12
90123C,12
90121B,12
90039B,12
90064A,12
84632,12
84924F,12
90206A,12
82545A,12
20958,12
90001C,12
85132a,12
37351,12
90001D,12
90209A,12
21674,12
72753D,12
84596I,12
72724,12
90001B,12
90027C,12
84706B,12
82069,12
85018A,12
82613c,12
48179,12
90037A,12
23024,12
84340,12
84536a,12
84926B,12
90214Y,11
37348,11
23614,11
22987,11
90178B,11
79413,11
72038P,11
72796A,11
20870,11
20825,11
90053,11
85079,11
84622,11
35597D,11
18010,11
90024E,11
20820,11
23467,11
37352,11
20835,11
90060D,11
79303B,11
21267,11
47344B,11
84963A,11
16169D,11
35233,11
84858A,11
85018B,11
21353,11
90024C,11
35932,11
35085E,11
35809a,11
35638B,11
48103,11
72771B,11
35644,11
23468,11
84830,11
10124G,11
16201A,11
85225,11
78034B,11
79331,11
82613b,11
90036B,11
90151,11
84925C,11
90002B,11
22657,10
44091A,10
84415B,10
90111,10
37345,10
17014D,10
72045D,10
35815P,10
44241C,10
37482B,10
84805B,10
21097,10
84206A,10
84593,10
35443,10
84705A,10
20988,10
90055,10
16161E,10
84414B,10
21266,10
90027B,10
90001A,10
90125C,10
84596b,10
23629,10
85099c,10
20887,10
90030A,10
72772,10
22206,10
45013,10
23442,10
20953,10
90141B,10
90026A,10
90037B,10
85132b,10
20827,10
84520b,10
47590b,10
84743C,10
90037D,10
35936,10
23632,10
84809B,9
90038C,9
84807,9
90179A,9
84706A,9
84030C,9
47341A,9
81953B,9
90149,9
85018C,9
85184B,9
47518f,9
84891B,9
21596,9
84427B,9
90128B,9
90031,9
16119,9
44242B,9
84805A,9
47583A,9
37491B,9
72783,9
90128D,9
90212C,9
84586L,9
23304,9
16245A,9
17007B,9
23305,9
72754B,9
35816P,9
84705C,9
16050,9
17091F,9
35001B,9
35610C,9
21702,9
90042B,9
84247J,9
85124a,9
90163B,9
85151,9
84765,9
23637,9
81985A,9
90179B,9
90011E,9
47570b,9
90048,9
35918B,9
20816,9
84367,9
35824C,9
90026D,9
79329,9
90182A,9
90128C,8
84611B,8
84551,8
84795E,8
90046,8
90025C,8
84292B,8
90150,8
37488A,8
85220,8
35910B,8
35819P,8
21697,8
90176D,8
71050,8
21308,8
23464,8
23038,8
90011C,8
21309,8
35597B,8
90130D,8
90075,8
gift_0001_50,8
84562B,8
90076,8
90187A,8
90189A,8
72785A,8
21118,8
16243B,8
90027A,8
23640,8
84985a,8
90025F,8
90140,8
35071,8
23463,8
90176C,8
84450A,8
51012L,8
84705F,8
47504J,8
72753C,8
90012A,8
90132,8
90050,8
16151A,8
90176A,8
90214W,8
84201B,8
84767,8
90049,7
84599,7
17014E,7
90012B,7
72083A,7
81953P,7
84660b,7
90060B,7
90074,7
17014F,7
44228,7
84876C,7
17013F,7
23620,7
84402B,7
23616,7
90026B,7
84617,7
90035B,7
78027,7
18097B,7
gift_0001_40,7
84371,7
72771C,7
90025E,7
84415A,7
37399,7
21387,7
21594,7
17174,7
35824B,7
84933A,7
20833,7
23607,7
37112,7
84914A,7
23636,7
47583B,7
84493,7
47563B,7
35909B,7
84933C,7
35638A,7
90154,7
84782B,7
84868B,7
90152A,7
20964,7
84030B,7
84933B,7
90026C,6
72708,6
17011D,6
20877,6
90182B,6
90060C,6
90152B,6
85184c,6
84757,6
21343,6
79340W,6
90043,6
21919,6
90041,6
84732B,6
84732D,6
85231g,6
35654,6
16044,6
22850,6
35603B,6
47016,6
90077,6
44265,6
20800,6
20680,6
90091,6
79172D,6
84510e,6
16201B,6
90011D,6
84608,6
72754A,6
85070,6
90034,6
72807a,6
84989b,6
84967C,6
44092B,6
90197D,6
20942,6
90067B,6
84529B,6
84965B,6
62097B,6
44217M,6
84963B,6
35597A,6
16051,6
23623,6
18096c,6
21560,6
90035C,6
DCGS0069,6
71496B,6
90025D,6
16010,6
84864A,6
B,6
85035b,6
35995,6
23613,6
90126A,6
35596,6
21450,6
23303,6
84966A,6
35611B,6
79301,6
84726,6
90024F,6
84857A,6
35955,6
21347,6
90142D,5
84951b,5
35598C,5
84838,5
21858,5
84986b,5
40046C,5
84575B,5
20954,5
82072,5
23646,5
15059A,5
37451,5
90095,5
20895,5
84964A,5
84968a,5
17013C,5
16161C,5
90181C,5
20852,5
84706C,5
79062D,5
20905,5
46775B,5
23634,5
84534b,5
78056,5
DCGS0004,5
90078,5
m,5
84550,5
90102,5
23440,5
84867A,5
84612B,5
84679,5
90069,5
20890,5
21310,5
90141D,5
84966B,5
37379B,5
90141E,5
20884,5
15060b,5
37326,5
72805,5
90039A,5
37409,5
62097A,5
90000C,5
35537,5
90082C,5
21081,5
79140,5
23644,5
84536b,5
35909A,5
85043,5
90126C,5
90052,5
84967A,5
46137D,5
90024A,5
85128,5
84660a,5
90131,5
21685,4
23447,4
21119,4
84814B,4
84509b,4
23601,4
23650,4
17011B,4
23624,4
22864,4
21525,4
90020,4
84965A,4
84966C,4
21767,4
90135A,4
90025B,4
84546,4
85218,4
72785B,4
35824P,4
85083,4
23621,4
23654,4
23645,4
23615,4
84255A,4
18098B,4
35001P,4
47556b,4
gift_0001_80,4
DCGS0072,4
72801e,4
84964B,4
21699,4
35821B,4
90025A,4
90152C,4
23702,4
35816B,4
20812,4
84942,4
84925E,4
37487B,4
90176B,4
23625,4
84968d,4
79302m,4
84857B,4
35817B,4
85132c,4
35815B,4
79308B,4
84705B,4
21853,4
84798C,4
85035a,4
71434B,4
17027A,4
35976B,4
84206C,4
90142A,4
22351,4
72802a,4
47591b,4
35650,4
85185E,4
20791,4
20891,4
90081B,4
DCGS0066N,4
23639,4
85231b,4
90021,4
85069,4
17013B,4
35598A,4
16215,4
90176E,3
17011C,3
84721,3
84366,3
37481,3
18098A,3
84962,3
20673,3
17084G,3
35823P,3
72801g,3
85036b,3
47567b,3
47569,3
82011E,3
85232C,3
20822,3
22016,3
85160a,3
78026,3
SP1002,3
20881,3
84720,3
17014C,3
21857,3
21852,3
72752B,3
72751B,3
85050,3
85186B,3
21585,3
23441,3
20715,3
21225,3
79303A,3
84868A,3
23608,3
84614C,3
23633,3
35751C,3
DCGS0070,3
37438,3
20882,3
gift_0001_70,3
84201C,3
35821P,3
84971s,3
82613a,3
23448,3
84814A,3
79157B,3
21496,3
20683,3
85192S,3
72751C,3
23446,3
85049b,3
90135,3
47591c,3
84731,3
79157V,3
90126B,3
23635,3
90136,3
DCGS0068,3
35980B,3
20885,3
85035c,3
72754D,3
85034a,3
ADJUST2,3
21475,3
90066A,3
35978,3
46037A,3
21120,3
37494a,3
35051B,3
10002R,3
79065A,3
37477C,3
22126,3
84387A,3
47567,3
23610,3
40002,3
79151B,3
85040b,3
21511,3
90013E,3
35652,3
23630,3
72752A,2
23649,2
84705b,2
21053,2
16169G,2
23638,2
37482p,2
84509g,2
84626,2
72751A,2
37408,2
20721,2
84796b,2
37484,2
85171,2
84572,2
17061,2
84648,2
21254,2
10109,2
35983,2
22003,2
47554,2
20737,2
37432,2
21701,2
23627,2
35837,2
23595,2
47556,2
85230D,2
21838,2
23619,2
23604,2
85230C,2
23692,2
84845A,2
21854,2
23612,2
90127A,2
23843,2
90068,2
21409,2
72796C,2
72740B,2
84661a,2
21502,2
21772,2
85219,2
90189B,2
72084B,2
21290,2
90127B,2
DCGS0062,2
DCGS0037,2
85179a,2
90214U,2
85124b,2
84406b,2
44242A,2
84558B,2
84968f,2
84567,2
84596g,2
84630,2
85115B,2
35631B,2
85124c,2
84968b,2
35643,2
21008,2
gift_0001_90,2
84206B,2
gift_0001_60,2
35822P,2
35822B,2
48173A,2
20779,2
84494B,2
84311,2
16169A,2
85232a,2
37477D,2
84933D,2
84760L,2
84596j,2
35818C,2
71101A,2
84570B,2
17011E,2
72732,2
20939,2
35974,2
35001C,2
35930,2
85077,2
72803b,2
85049d,2
TEST002,2
72759,2
35999,2
35945,2
21036,2
16192,2
35950,2
84661c,2
20858,2
21406,2
90004A,2
35915A,2
79340P,2
48175,2
72719,1
35935,1
71265,1
85164b,1
16249B,1
47285B,1
82595,1
79053D,1
23617,1
47284V,1
35004s,1
84476A,1
84394,1
84448,1
85231K,1
85086B,1
16255,1
23605,1
21295,1
84896C,1
30086C,1
84866,1
84248F,1
84449,1
44242C,1
72801H,1
20883,1
35630B,1
35631A,1
10124C,1
84519D,1
72529w,1
84195,1
85226B,1
20938,1
84706E,1
79070b,1
23609,1
35900,1
23449,1
35956,1
20955,1
21083,1
84867B,1
16132,1
85207B,1
72671B,1
47559,1
90117,1
90107,1
35592T,1
21510,1
15060A,1
72140D,1
DCGS0041,1
35908C,1
21236,1
84904,1
79003B,1
35926,1
21176,1
84873B,1
82039C,1
21909,1
44276,1
75132,1
72620A,1
84897A,1
21057,1
35794,1
72798A,1
84845B,1
84871,1
35605A,1
21342,1
21023,1
21022,1
21021,1
GIFT,1
20678,1
72754C,1
21273,1
20824,1
47595B,1
35591G,1
20690,1
71406B,1
82609,1
72806,1
47593a,1
84985b,1
48169,1
21512,1
21776,1
21005,1
20946,1
DCGS0059,1
72038B,1
84867a,1
84775,1
72802c,1
23628,1
23652,1
37490D,1
84010,1
84439B,1
21646,1
35600A,1
17013E,1
45007B,1
79142,1
79071A,1
71431,1
20900,1
DCGSLGIRL,1
20951,1
16243A,1
21778,1
21177,1
20944,1
35941,1
35940,1
21019,1
85049c,1
DCGS0053,1
35763,1
23643,1
46776a,1
46776b,1
17014B,1
17084F,1
23664,1
23602,1
72226D,1
35993,1
85223,1
17010S,1
85231A,1
35992,1
46138D,1
85085A,1
21020,1
17160,1
35632A,1
90184c,1
90183c,1
84031b,1
84031a,1
51014c,1
47593b,1
46776f,1
46776e,1
79342b,1
85039b,1
21583,1
84661b,1
21024,1
16210,1
47361,1
84248B,1
DCGSLBOY,1
84597A,1
20710,1
84600A,1
84250H,1
21113,1
84849C,1
21514,1
84511,1
84205C,1
72331R,1
47594a,1
20739,1
84224,1
20904,1
90080,1
90197C,1
90005B,1
21602,1
35604B,1
37490C,1
84389,1
35948,1
35471B,1
16201C,1
35608A,1
85037,1
84200,1
84440B,1
90110,1
84971l,1
35608C,1
85034b,1
85160b,1
35839,1
85231e,1
84444C,1
90172,1
35975A,1
16161N,1
DCGS0075,1
22022,1
90109,1
84402C,1
35925,1
21182,1
45008L,1
85072,1
21104,1
21346,1
22213,1
84671A,1
35990,1
20911,1
47009,1
37452A,1
37452B,1
85184A,1
90121A,1
72778,1
84029c,1
85123b,1
84912a,1
84927C,1
84559d,1
35004p,1
48172,1
85098A,1
79309A,1
47347A,1
37482b,1
84928,1
84899A,1
79051a,1
85017D,1
84877C,1
84718,1
85120,1
35813A,1
84898E,1
84874A,1
37493D,1
37493B,1
37493C,1
37353,1
37350,1
37445D,1
37365Y,1
37445C,1
37445A,1
21753,1
22790,1
20937,1
21325,1
20844,1
16200A,1
16240,1
20965,1
85232d,1
49031B,1
82577,1
84972M,1
85157,1
15002,1
85159b,1
90142C,1
DCGS0055,1
84986A,1
84247B,1
84596l,1
79069A,1
72777,1
20859,1
20880,1
20691,1
71263G,1
35751A,1
35949,1
DCGS0074,1
84940,1
DCGS0057,1
17028J,1
21315,1
DCGS0044,1
72752D,1
72755B,1
72752C,1
17013A,1
23059,1
21766,1
84841,1
35980A,1
79053A,1
71028A,1
20995,1
84811A,1
16195,1
72483,1
79165,1
21148,1
21505,1
20743,1
21029,1
79053B,1
21859,1
21487,1
71409B,1
84571,1
47340B,1
35994,1
21362,1
90142B,1
21492,1
85025A,1
85231D,1
20959,1
35975B,1
35977B,1
72655C,1
79023B,1
85024A,1
16155H,1
72768,1
35473,1
70037L,1
21227,1
18096B,1
16248A,1
85056,1
85051,1
84752B,1
84672A,1
84699,1
84585L,1
79082C,1
84341A,1
79057B,1
72798B,1
72809,1
37504,1
35751D,1
35232,1
21601,1
21301,1
18033,1
17017,1
16222B,1
16245B,1
16065A,1
21183,1
84705E,1
84509e,1
85148,1
DCGS0056,1
84395,1
72348B,1
21860,1
35960,1
35442,1
21170,1
47503J ,1
DCGS0060,1
47590a,1
21048,1
84825,1
21920,1
85105,1
84938,1
84810C,1
84750C,1
84460A,1
79070B,1
45014,1
85074,1
85073,1
79315B,1
DCGS0039,1
DCGS0036,1
DCGS0027,1
84030b,1
C3,1
21855,1
85193S,1
17120,1
47340A,1
84641,1
84642,1
16169H,1
16156A,1
84867b,1
85036a,1
23001,1
20720,1
72024HC,1
72697A,1
72234,1
72751D,1
84247D,1
84681,1
84344,1
79065B,1
47565,1
47581A,1
44266F,1
16131,1
18094A,1
85184d,1
84510b,1
DCGS0016,1
DCGS0006,1
82096,1
82576,1
79333,1
72755A,1
21835,1
90097,1
85057,1
84248E,1
79302J,1
79302C,1
21345,1
79064C,1
72748,1
72045A,1
21863,1
21862,1
21052,1
21047,1
DCGS0067,1
DCGS0066P,1
DCGS0071,1
DCGS0073,1
90197A,1
